id;rule
r1;better(X,Y,cost) ==> pref(X,Y)
r2;better(X,Y,location), equal(X,Y,cost) ==> pref(X,Y)
r3;better(X,Y,size), equal(X,Y,location), equal(X,Y,cost) ==> pref(X,Y)
r4;better(X,Y,location), min(X,location,good), worse(X,Y,cost) ==> pref(X,Y)
r5;better(X,Y,location), min(X,location,reg), worse(X,Y,cost), min(X,cost,bad) ==> pref(X,Y)
r6;better(X,Y,size), min(X,size,reg), worse(X,Y,location), min(X,location,bad), max(Y,location,good), better(X,Y,cost) ==> pref(X,Y)
r7;equal(X,Y,cost), worse(X,Y,location), min(X,location,bad), max(Y,location,good), better(X,Y,size), min(X,size,reg) ==> pref(X,Y)
r8;better(X,Y,cost), min(X,cost,good), better(X,Y,size), min(X,size,reg) ==> pref(X,Y)